,Rank,Player,Position,FF,FA,AF    ,B,OP,ToG%,Season,Round
0,1,Andrew McGrath,MID,4,1,141,1,3,81,2021,Round 1
1,2,Dom Sheed,MID,1,1,138,2,1,86,2021,Round 1
2,3,Jack Bowes,DEF,0,1,135,2,3,92,2021,Round 1
3,3,Jack Macrae,MID,2,1,135,0,2,78,2021,Round 1
4,5,Dustin Martin,FWD,2,1,131,0,2,89,2021,Round 1
5,5,Bailey Smith,MID,3,5,131,0,1,86,2021,Round 1
6,7,Shannon Hurn,DEF,0,0,129,1,2,78,2021,Round 1
7,8,Jaidyn Stephenson,FWD,3,1,128,1,1,76,2021,Round 1
8,9,Rory Laird,MID,3,1,119,0,0,78,2021,Round 1
9,10,Callum Mills,MID,1,0,117,0,3,84,2021,Round 1
10,11,Jack Graham,FWD,2,1,115,0,0,76,2021,Round 1
11,11,Lachie Hunter,MID,0,0,115,0,0,81,2021,Round 1
12,13,Steven Motlop,FWD,1,1,112,4,0,80,2021,Round 1
13,13,Bailey Williams,DEF,1,2,112,0,3,87,2021,Round 1
14,15,Caleb Daniel,DEF,2,0,111,1,2,85,2021,Round 1
15,15,Tim Kelly,MID,2,0,111,3,1,82,2021,Round 1
16,15,Zach Merrett,MID,1,0,111,1,3,74,2021,Round 1
17,18,Tom McDonald,KEYF,2,2,110,0,1,91,2021,Round 1
18,19,Travis Boak,MID,3,1,109,0,0,71,2021,Round 1
19,20,Errol Gulden,FWD,3,1,108,0,4,81,2021,Round 1
20,20,Oleg Markov,DEF,1,0,108,1,1,81,2021,Round 1
21,22,Josh Dunkley,FWD,0,0,107,1,6,83,2021,Round 1
22,22,Clayton Oliver,MID,0,1,107,0,1,88,2021,Round 1
23,22,David Swallow,MID,1,0,107,0,1,76,2021,Round 1
24,25,Tom Mitchell,MID,0,2,106,1,0,83,2021,Round 1
25,26,Andrew Brayshaw,MID,0,1,105,0,1,79,2021,Round 1
26,26,Jack Lukosius,DEF,0,0,105,1,2,78,2021,Round 1
27,26,Taylor Walker,KEYF,2,1,105,0,3,95,2021,Round 1
28,29,Jye Caldwell,MID,2,0,104,0,1,74,2021,Round 1
29,29,Jack Newnes,MID,2,0,104,0,1,85,2021,Round 1
30,31,Tom Barrass,KEYD,0,1,103,1,2,86,2021,Round 1
31,31,Will Day,DEF,0,2,103,0,2,90,2021,Round 1
32,31,Tom Liberatore,MID,1,2,103,0,4,80,2021,Round 1
33,31,Tim Taranto,FWD,2,1,103,0,1,89,2021,Round 1
34,35,Adam Cerra,MID,1,1,102,0,2,78,2021,Round 1
35,35,Lachlan Sholl,MID,1,0,102,1,0,95,2021,Round 1
36,37,Marcus Bontempelli,MID,1,3,101,1,4,83,2021,Round 1
37,37,Harry Perryman,DEF,0,0,101,0,6,81,2021,Round 1
38,39,Jack Billings,MID,0,0,100,0,1,86,2021,Round 1
39,39,Nick Hind,DEF,1,1,100,0,4,84,2021,Round 1
40,39,Tim Membrey,KEYF,2,0,100,0,1,89,2021,Round 1
41,42,Ed Curnow,MID,0,1,99,0,2,75,2021,Round 1
42,42,Matt Flynn,RUC,4,0,99,0,5,68,2021,Round 1
43,42,Brandan Parfitt,MID,4,1,99,1,2,72,2021,Round 1
44,45,Jarryd Lyons,MID,2,0,98,0,0,80,2021,Round 1
45,46,Luke Parker,MID,1,0,97,0,2,74,2021,Round 1
46,47,Patrick Dangerfield,MID,1,0,96,1,2,84,2021,Round 1
47,47,Alex Keath,KEYD,2,0,96,0,5,95,2021,Round 1
48,47,Adam Saad,DEF,2,0,96,4,2,83,2021,Round 1
49,47,Isaac Smith,MID,0,0,96,2,1,89,2021,Round 1
50,51,Jade Gresham,FWD,0,3,95,0,0,67,2021,Round 1
51,51,Ed Langdon,MID,0,0,95,0,1,94,2021,Round 1
52,51,Daniel Rich,DEF,0,0,95,0,4,84,2021,Round 1
53,51,Sam Walsh,MID,2,4,95,1,1,82,2021,Round 1
54,51,Jack Ziebell,DEF,2,0,95,0,2,83,2021,Round 1
55,56,Jayden Short,DEF,0,0,94,0,2,88,2021,Round 1
56,57,Oscar Allen,KEYF,3,1,93,0,2,81,2021,Round 1
57,57,Sam Collins,KEYD,4,0,93,0,9,92,2021,Round 1
58,57,Scott Pendlebury,MID,1,2,93,3,2,77,2021,Round 1
59,57,Bailey Scott,FWD,1,1,93,0,3,83,2021,Round 1
60,61,Tom Hickey,RUC,3,2,92,0,6,82,2021,Round 1
61,61,Steven May,KEYD,2,1,92,0,4,100,2021,Round 1
62,61,Dayne Zorko,MID,1,6,92,0,1,82,2021,Round 1
63,64,Hunter Clark,DEF,0,2,91,0,1,78,2021,Round 1
64,64,Jack Crisp,DEF,2,3,91,0,1,90,2021,Round 1
65,64,Sam Docherty,DEF,1,0,91,1,2,91,2021,Round 1
66,64,Blake Hardwick,DEF,1,1,91,0,0,83,2021,Round 1
67,64,Josh Kelly,MID,2,1,91,1,3,82,2021,Round 1
68,64,Ollie Wines,MID,2,3,91,0,0,76,2021,Round 1
69,70,Charlie Ballard,KEYD,1,2,90,0,6,94,2021,Round 1
70,70,Todd Goldstein,RUC,5,1,90,0,3,96,2021,Round 1
71,70,Brayden Maynard,DEF,2,0,90,1,5,90,2021,Round 1
72,70,Christian Petracca,MID,1,1,90,2,1,90,2021,Round 1
73,70,Jordan Ridley,DEF,2,0,90,5,7,100,2021,Round 1
74,75,James Rowbottom,MID,4,0,89,0,1,62,2021,Round 1
75,76,Jamie Cripps,FWD,2,1,88,0,1,91,2021,Round 1
76,76,Nat Fyfe,MID,1,4,88,1,2,89,2021,Round 1
77,76,Jacob Hopper,MID,2,2,88,0,1,83,2021,Round 1
78,76,Ben Keays,MID,1,1,88,1,1,87,2021,Round 1
79,76,Scott Lycett,RUC,3,2,88,0,3,84,2021,Round 1
80,76,Ben McEvoy,RUC,1,2,88,0,3,81,2021,Round 1
81,76,Jaeger O'Meara,MID,0,2,88,0,3,88,2021,Round 1
82,83,Tom Cole,DEF,1,0,87,1,2,79,2021,Round 1
83,83,Taylor Duryea,DEF,0,1,87,0,2,80,2021,Round 1
84,83,Jake Lever,KEYD,2,0,87,0,6,98,2021,Round 1
85,83,Tom Phillips,MID,0,0,87,0,0,82,2021,Round 1
86,83,Dion Prestia,MID,2,1,87,1,1,74,2021,Round 1
87,88,James Harmes,MID,2,0,86,0,0,76,2021,Round 1
88,88,Kane Lambert,FWD,0,2,86,0,0,85,2021,Round 1
89,88,Dylan Moore,FWD,2,0,86,0,0,92,2021,Round 1
90,88,John Noble,DEF,4,1,86,0,0,84,2021,Round 1
91,88,Lachie Weller,FWD,1,2,86,0,0,86,2021,Round 1
92,93,Josh Bruce,KEYF,1,0,85,0,0,81,2021,Round 1
93,93,Stephen Coniglio,FWD,4,0,85,0,2,86,2021,Round 1
94,93,Brodie Grundy,RUC,1,2,85,0,4,84,2021,Round 1
95,93,Tom Lynch,FWD,1,0,85,0,2,83,2021,Round 1
96,93,Darcy Moore,KEYD,1,2,85,1,8,96,2021,Round 1
97,93,Harry Morrison,MID,0,1,85,0,0,82,2021,Round 1
98,93,Jack Riewoldt,KEYF,1,1,85,0,0,90,2021,Round 1
99,93,Caleb Serong,MID,1,0,85,0,0,73,2021,Round 1
100,93,Rory Sloane,MID,3,0,85,0,4,80,2021,Round 1
101,102,Shane Edwards,MID,1,0,84,0,3,81,2021,Round 1
102,102,Brandon Ellis,MID,0,1,84,4,1,87,2021,Round 1
103,102,James Jordon,MID,1,1,84,0,1,73,2021,Round 1
104,102,James Rowe,FWD,2,0,84,1,0,82,2021,Round 1
105,106,Patrick Cripps,MID,3,1,83,0,2,91,2021,Round 1
106,106,Billy Frampton,KEYF,0,0,83,0,2,90,2021,Round 1
107,106,Dyson Heppell,DEF,2,0,83,0,5,82,2021,Round 1
108,106,George Hewett,DEF,2,0,83,0,0,84,2021,Round 1
109,106,Luke Ryan,KEYD,0,2,83,0,2,88,2021,Round 1
110,106,Callan Ward,MID,3,2,83,0,1,79,2021,Round 1
111,106,Jarrod Witts,RUC,0,1,83,0,3,80,2021,Round 1
112,113,Zak Butters,FWD,1,3,82,1,1,82,2021,Round 1
113,113,Luke Davies-Uniacke,MID,1,3,82,0,0,79,2021,Round 1
114,113,Tim English,RUC,1,0,82,0,4,81,2021,Round 1
115,113,Cameron Guthrie,MID,1,4,82,0,3,71,2021,Round 1
116,113,Dan Houston,DEF,1,1,82,0,4,76,2021,Round 1
117,113,Patrick Lipinski,MID,1,0,82,0,1,82,2021,Round 1
118,119,Jonathon Ceglar,RUC,2,2,81,0,1,76,2021,Round 1
119,119,Orazio Fantasia,FWD,0,1,81,0,0,74,2021,Round 1
120,119,Darcy Parish,MID,1,0,81,0,1,82,2021,Round 1
121,119,Jack Redden,MID,0,1,81,0,3,85,2021,Round 1
122,119,Sebastian Ross,MID,0,0,81,0,1,79,2021,Round 1
123,124,Willem Drew,MID,2,3,80,0,0,74,2021,Round 1
124,124,Isaac Heeney,FWD,0,2,80,0,1,85,2021,Round 1
125,124,Josh Rotham,KEYD,1,0,80,0,4,85,2021,Round 1
126,124,Paul Seedsman,MID,1,2,80,0,1,81,2021,Round 1
127,124,Jack Steele,MID,2,4,80,1,5,87,2021,Round 1
128,129,Shaun Atley,DEF,3,0,79,2,3,89,2021,Round 1
129,129,Jack Bytel,MID,1,0,79,0,2,78,2021,Round 1
130,129,Jack Madgen,DEF,0,0,79,0,2,85,2021,Round 1
131,129,Tom Stewart,DEF,1,0,79,0,1,84,2021,Round 1
132,133,Isaac Cumming,DEF,0,0,78,0,4,83,2021,Round 1
133,133,Sam Draper,RUC,2,2,78,0,4,84,2021,Round 1
134,133,Hugh McCluggage,MID,1,2,78,0,0,86,2021,Round 1
135,133,Jeremy McGovern,KEYD,1,1,78,0,3,76,2021,Round 1
136,133,Dane Rampe,KEYD,3,4,78,0,3,95,2021,Round 1
137,138,Shai Bolton,MID,0,1,77,2,0,79,2021,Round 1
138,138,Mason Cox,KEYF,1,1,77,0,1,80,2021,Round 1
139,138,Aaron Naughton,KEYF,0,0,77,0,1,76,2021,Round 1
140,138,Brad Sheppard,DEF,0,0,77,0,1,95,2021,Round 1
141,142,Kyle Langford,MID,1,0,76,0,2,85,2021,Round 1
142,142,Jake Lloyd,DEF,0,2,76,3,7,82,2021,Round 1
143,142,Oscar McInerney,RUC,3,2,76,0,7,80,2021,Round 1
144,142,Dylan Shiel,MID,0,0,76,0,3,81,2021,Round 1
145,146,Michael Gibbons,FWD,0,0,75,0,1,69,2021,Round 1
146,146,Ben King,KEYF,2,0,75,0,0,89,2021,Round 1
147,148,Karl Amon,MID,0,0,74,1,2,78,2021,Round 1
148,148,Liam Duggan,DEF,0,2,74,0,2,88,2021,Round 1
149,148,Jarman Impey,DEF,0,0,74,1,1,82,2021,Round 1
150,151,Nick Blakey,DEF,1,0,73,2,1,87,2021,Round 1
151,151,Mark Blicavs,KEYD,2,2,73,0,5,88,2021,Round 1
152,151,Angus Brayshaw,MID,2,1,73,0,0,71,2021,Round 1
153,151,Ryan Burton,DEF,2,2,73,0,2,79,2021,Round 1
154,151,Josh Caddy,MID,0,0,73,0,2,79,2021,Round 1
155,151,Toby Greene,FWD,3,0,73,0,0,89,2021,Round 1
156,151,Nick Haynes,DEF,1,1,73,0,6,89,2021,Round 1
157,151,Joel Selwood,MID,1,3,73,0,2,71,2021,Round 1
158,151,Will Setterfield,MID,0,0,73,1,0,75,2021,Round 1
159,160,Luke Breust,FWD,1,0,72,0,0,83,2021,Round 1
160,160,Nick Coffield,DEF,1,0,72,1,1,93,2021,Round 1
161,160,Lachie Fogarty,FWD,2,1,72,0,2,75,2021,Round 1
162,160,Daniel Howe,MID,1,1,72,0,3,67,2021,Round 1
163,160,Lincoln McCarthy,FWD,2,1,72,0,0,82,2021,Round 1
164,160,David Mundy,MID,0,1,72,0,4,77,2021,Round 1
165,166,Jake Kolodjashnij,KEYD,0,0,71,0,7,91,2021,Round 1
166,166,Anthony McDonald-Tipungwuti,FWD,1,0,71,2,1,75,2021,Round 1
167,166,Jackson Nelson,DEF,0,0,71,0,3,85,2021,Round 1
168,166,Wil Powell,DEF,1,0,71,1,1,71,2021,Round 1
169,166,Sam Switkowski,FWD,0,0,71,0,1,75,2021,Round 1
170,171,Andrew Gaff,MID,0,1,70,1,2,90,2021,Round 1
171,171,Max Gawn,RUC,0,2,70,0,7,92,2021,Round 1
172,171,Harry Himmelberg,KEYF,3,1,70,2,4,89,2021,Round 1
173,171,Liam Shiels,MID,0,2,70,0,1,81,2021,Round 1
174,171,Tarryn Thomas,FWD,2,1,70,0,2,70,2021,Round 1
175,176,Jack Darling,KEYF,2,2,69,0,3,96,2021,Round 1
176,176,Brodie Smith,DEF,0,2,69,0,5,89,2021,Round 1
177,176,Adam Tomlinson,KEYD,0,1,69,0,7,96,2021,Round 1
178,176,Sam Wicks,FWD,1,0,69,1,1,85,2021,Round 1
179,180,Taylor Adams,MID,1,1,68,0,0,81,2021,Round 1
180,180,Jack Higgins,FWD,1,1,68,0,2,81,2021,Round 1
181,180,Jeremy Howe,DEF,1,0,68,0,1,91,2021,Round 1
182,180,Stefan Martin,RUC,3,1,68,0,2,84,2021,Round 1
183,180,Touk Miller,MID,2,1,68,0,0,83,2021,Round 1
184,180,Lachie Neale,MID,0,0,68,0,1,84,2021,Round 1
185,180,Tom Powell,FWD,1,1,68,0,0,74,2021,Round 1
186,180,Hayden Young,DEF,1,2,68,0,5,86,2021,Round 1
187,188,Shaun Higgins,FWD,1,2,67,1,0,80,2021,Round 1
188,188,Changkuoth Jiath,DEF,1,2,67,2,2,72,2021,Round 1
189,188,Charlie Spargo,FWD,2,1,67,0,1,69,2021,Round 1
190,188,Matt Taberner,KEYF,0,0,67,0,0,100,2021,Round 1
191,188,James Worpel,MID,0,1,67,0,0,73,2021,Round 1
192,193,Noah Anderson,MID,0,2,66,0,3,75,2021,Round 1
193,193,Bayley Fritsch,FWD,1,1,66,0,1,96,2021,Round 1
194,193,Sam Menegola,MID,1,1,66,0,1,73,2021,Round 1
195,193,Brody Mihocek,KEYF,0,1,66,0,1,81,2021,Round 1
196,193,Christian Salem,DEF,0,1,66,0,2,81,2021,Round 1
197,198,Lachie Ash,DEF,1,1,65,0,0,83,2021,Round 1
198,198,Darcy Byrne-Jones,DEF,1,2,65,2,3,81,2021,Round 1
199,198,Tom Clurey,KEYD,0,0,65,0,8,92,2021,Round 1
200,198,Tom Doedee,KEYD,2,0,65,0,7,84,2021,Round 1
201,198,Zac Fisher,FWD,0,0,65,0,1,79,2021,Round 1
202,198,Robbie Gray,FWD,2,0,65,1,3,74,2021,Round 1
203,198,Logan McDonald,KEYF,0,0,65,0,2,72,2021,Round 1
204,198,Tom Papley,FWD,1,1,65,0,0,83,2021,Round 1
205,198,Marc Pittonet,RUC,1,0,65,0,5,87,2021,Round 1
206,198,Harry Schoenberg,MID,2,1,65,0,1,78,2021,Round 1
207,198,Jy Simpkin,MID,1,2,65,0,0,82,2021,Round 1
208,198,Will Snelling,FWD,0,0,65,0,2,83,2021,Round 1
209,198,Rhys Stanley,RUC,0,1,65,0,4,72,2021,Round 1
210,198,Laitham Vandermeer,FWD,1,0,65,0,3,76,2021,Round 1
211,212,Paddy Dow,MID,2,1,64,0,1,69,2021,Round 1
212,212,Jack Mahony,FWD,3,2,64,0,2,89,2021,Round 1
213,212,Jared Polec,MID,2,3,64,0,1,85,2021,Round 1
214,212,Devon Smith,FWD,1,1,64,0,0,77,2021,Round 1
215,216,Brayden Ham,FWD,0,0,63,0,1,87,2021,Round 1
216,216,Harrison Jones,KEYF,2,0,63,0,3,68,2021,Round 1
217,216,Sean Lemmens,DEF,0,3,63,0,1,87,2021,Round 1
218,216,Ben Long,DEF,0,1,63,0,6,86,2021,Round 1
219,216,Darcy MacPherson,FWD,0,0,63,1,0,77,2021,Round 1
220,216,Gryan Miers,FWD,0,0,63,0,0,87,2021,Round 1
221,222,Oliver Hanrahan,FWD,3,0,62,0,0,66,2021,Round 1
222,222,Tom Highmore,DEF,1,3,62,0,4,70,2021,Round 1
223,222,Liam Ryan,FWD,2,0,62,3,2,87,2021,Round 1
224,222,Alex Sexton,FWD,0,0,62,3,1,83,2021,Round 1
225,226,Dan Butler,FWD,1,1,61,1,0,90,2021,Round 1
226,226,Jordan Dawson,DEF,3,0,61,0,4,87,2021,Round 1
227,226,Jordan De Goey,FWD,0,1,61,0,0,87,2021,Round 1
228,226,Oliver Florent,MID,1,3,61,0,4,79,2021,Round 1
229,226,Bradley Hill,DEF,0,1,61,0,1,80,2021,Round 1
230,226,Peter Ladhams,RUC,0,1,61,0,0,83,2021,Round 1
231,226,Connor Menadue,DEF,2,0,61,1,1,75,2021,Round 1
232,226,Peter Wright,RUC,2,1,61,0,4,88,2021,Round 1
233,234,James Aish,DEF,1,0,60,1,2,78,2021,Round 1
234,234,Jarrod Berry,MID,1,2,60,0,1,78,2021,Round 1
235,234,Jason Castagna,FWD,0,0,60,2,3,84,2021,Round 1
236,234,Ethan Hughes,DEF,2,1,60,0,3,82,2021,Round 1
237,234,Lachlan Keeffe,KEYD,1,0,60,0,0,86,2021,Round 1
238,234,Harry McKay,KEYF,0,0,60,0,0,90,2021,Round 1
239,234,Xavier O'Neill,FWD,1,0,60,0,1,72,2021,Round 1
240,241,Josh P. Kennedy,MID,0,1,59,0,0,72,2021,Round 1
241,241,Jack Sinclair,DEF,0,1,59,0,3,83,2021,Round 1
242,241,Tom Sparrow,FWD,0,0,59,0,2,65,2021,Round 1
243,241,Adam Treloar,FWD,1,1,59,1,1,77,2021,Round 1
244,245,Zac Bailey,FWD,2,5,58,0,0,76,2021,Round 1
245,245,Jamie Elliott,FWD,1,1,58,0,0,82,2021,Round 1
246,245,Nathan Jones,FWD,0,0,58,0,0,72,2021,Round 1
247,245,Jack Lonie,FWD,0,0,58,0,0,89,2021,Round 1
248,245,Dom Tyson,MID,0,1,58,0,1,61,2021,Round 1
249,250,Shaun Burgoyne,DEF,0,1,57,0,7,79,2021,Round 1
250,250,Sam Frost,KEYD,0,0,57,0,8,97,2021,Round 1
251,250,Nic Naitanui,RUC,1,1,57,0,0,66,2021,Round 1
252,250,Isaac Quaynor,DEF,0,0,57,0,7,85,2021,Round 1
253,250,Jordan Roughead,KEYD,1,1,57,0,7,96,2021,Round 1
254,250,Chad Warner,MID,0,2,57,0,1,76,2021,Round 1
255,256,Dougal Howard,KEYD,0,0,56,0,15,96,2021,Round 1
256,256,Josh J. Kennedy,KEYF,1,2,56,0,0,86,2021,Round 1
257,256,Oscar McDonald,KEYF,3,1,56,0,2,49,2021,Round 1
258,256,Toby Nankervis,RUC,0,1,56,0,7,75,2021,Round 1
259,256,Alex Neal-Bullen,FWD,2,0,56,2,2,74,2021,Round 1
260,256,Sam Petrevski-Seton,DEF,1,0,56,0,2,74,2021,Round 1
261,256,Daniel Rioli,FWD,1,0,56,0,2,72,2021,Round 1
262,256,Lachie Schultz,FWD,4,1,56,0,0,83,2021,Round 1
263,264,Tyler Brown,MID,0,0,55,0,3,75,2021,Round 1
264,264,Bailey Dale,DEF,1,1,55,0,2,71,2021,Round 1
265,264,Tom Hawkins,KEYF,0,2,55,0,2,97,2021,Round 1
266,264,Todd Marshall,KEYF,1,1,55,0,2,84,2021,Round 1
267,264,Sam Reid,KEYF,0,1,55,0,5,84,2021,Round 1
268,264,Mitch Robinson,MID,1,0,55,0,3,73,2021,Round 1
269,264,Jacob Weitering,KEYD,0,1,55,2,11,90,2021,Round 1
270,264,Lachie Young,MID,2,0,55,0,4,88,2021,Round 1
271,272,Jordan Clark,MID,0,1,54,0,3,85,2021,Round 1
272,272,Ryan Gardner,KEYD,0,0,54,0,9,100,2021,Round 1
273,272,Ned McHenry,FWD,1,2,54,0,0,87,2021,Round 1
274,272,Marc Murphy,FWD,0,0,54,0,0,76,2021,Round 1
275,272,Lachlan Murphy,FWD,3,0,54,0,0,87,2021,Round 1
276,272,Matt de Boer,FWD,2,0,54,0,5,79,2021,Round 1
277,278,Miles Bergman,MID,0,0,53,0,1,83,2021,Round 1
278,278,Travis Colyer,FWD,0,0,53,0,2,84,2021,Round 1
279,278,Xavier Duursma,MID,1,3,53,0,2,83,2021,Round 1
280,278,Hugh Greenwood,MID,0,0,53,0,1,77,2021,Round 1
281,282,Riley Bonner,DEF,0,1,52,0,1,47,2021,Round 1
282,282,Bobby Hill,FWD,0,2,52,1,0,66,2021,Round 1
283,282,Luke Jackson,RUC,3,1,52,0,1,74,2021,Round 1
284,282,Zac Langdon,FWD,2,1,52,0,0,76,2021,Round 1
285,282,Tim O'Brien,KEYF,0,3,52,0,2,89,2021,Round 1
286,282,Lochie O'Brien,MID,2,0,52,1,1,74,2021,Round 1
287,282,Kysaiah Pickett,FWD,1,3,52,3,0,74,2021,Round 1
288,282,Mason Redman,DEF,0,0,52,0,1,80,2021,Round 1
289,282,Anthony Scott,FWD,3,0,52,0,1,82,2021,Round 1
290,282,Josh Thomas,FWD,3,0,52,0,0,77,2021,Round 1
291,292,Tom Atkins,DEF,0,5,51,0,1,87,2021,Round 1
292,292,Josh Battle,FWD,2,1,51,0,1,81,2021,Round 1
293,292,Connor Blakely,MID,1,1,51,0,1,65,2021,Round 1
294,292,Reilly O'Brien,RUC,3,1,51,0,0,90,2021,Round 1
295,292,Marlion Pickett,MID,0,3,51,0,5,79,2021,Round 1
296,297,Sam Berry,FWD,2,2,50,0,0,80,2021,Round 1
297,297,Will Brodie,FWD,1,1,50,0,0,64,2021,Round 1
298,297,Zach Guthrie,DEF,0,0,50,1,1,74,2021,Round 1
299,300,Noah Balta,KEYD,0,1,49,0,6,84,2021,Round 1
300,300,Grant Birchall,DEF,0,0,49,0,4,80,2021,Round 1
301,300,Lachie Henderson,KEYD,0,2,49,0,4,92,2021,Round 1
302,300,Tom McCartin,KEYD,2,0,49,0,4,87,2021,Round 1
303,304,Jake Aarts,FWD,0,3,48,1,1,78,2021,Round 1
304,304,Luke Dahlhaus,FWD,2,0,48,0,0,66,2021,Round 1
305,304,Jimmy Webster,DEF,0,1,48,0,6,81,2021,Round 1
306,307,Harris Andrews,KEYD,1,0,47,0,11,96,2021,Round 1
307,307,Tom Green,MID,0,1,47,0,0,68,2021,Round 1
308,307,Kamdyn McIntosh,MID,3,1,47,4,4,88,2021,Round 1
309,307,Ben McKay,KEYD,2,2,47,0,9,99,2021,Round 1
310,307,Mark O'Connor,MID,0,1,47,1,1,86,2021,Round 1
311,312,Braeden Campbell,DEF,2,0,46,0,1,75,2021,Round 1
312,312,Aidan Corr,KEYD,0,0,46,0,5,67,2021,Round 1
313,312,Lachie Plowman,DEF,1,0,46,0,6,84,2021,Round 1
314,312,Josh Walker,KEYD,0,1,46,0,3,90,2021,Round 1
315,316,Tyler Brockman,FWD,0,1,45,0,0,65,2021,Round 1
316,316,Joe Daniher,KEYF,2,2,45,0,1,91,2021,Round 1
317,316,Tom Jonas,KEYD,0,0,45,0,6,93,2021,Round 1
318,316,Jack Ross,MID,1,0,45,0,0,23,2021,Round 1
319,320,Aliir Aliir,KEYD,1,4,44,0,3,96,2021,Round 1
320,320,Jack Buckley,KEYD,1,1,44,0,3,77,2021,Round 1
321,320,Connor Budarick,DEF,0,3,44,0,0,83,2021,Round 1
322,320,Keidean Coleman,FWD,1,1,44,0,2,64,2021,Round 1
323,320,Charlie Dixon,KEYF,1,3,44,0,6,97,2021,Round 1
324,320,Aaron Francis,KEYD,1,1,44,0,2,86,2021,Round 1
325,320,Paul Hunter,RUC,0,3,44,0,8,71,2021,Round 1
326,320,Andrew McPherson,DEF,1,2,44,0,1,85,2021,Round 1
327,328,Brennan Cox,KEYD,0,0,43,0,4,87,2021,Round 1
328,328,Daniel McKenzie,MID,0,1,43,1,1,70,2021,Round 1
329,328,Kayne Turner,DEF,0,2,43,0,2,85,2021,Round 1
330,331,Reece Conca,DEF,1,2,42,0,2,83,2021,Round 1
331,331,Tom J. Lynch,KEYF,0,2,42,0,2,92,2021,Round 1
332,331,Harry Sharp,MID,0,1,42,0,2,81,2021,Round 1
333,334,Aiden Bonar,DEF,1,1,41,0,5,79,2021,Round 1
334,334,Nick Holman,FWD,0,0,41,0,0,50,2021,Round 1
335,334,Cale Hooker,KEYF,1,0,41,0,1,85,2021,Round 1
336,334,Will Hoskin-Elliott,MID,0,3,41,0,0,84,2021,Round 1
337,334,Neville Jetta,DEF,0,0,41,0,7,82,2021,Round 1
338,334,Trent Rivers,DEF,0,1,41,0,0,55,2021,Round 1
339,334,Mitch Wallis,FWD,0,1,41,0,1,78,2021,Round 1
340,334,Cameron Zurhaar,FWD,0,1,41,0,0,86,2021,Round 1
341,342,Jacob Koschitzke,KEYF,0,1,40,0,4,91,2021,Round 1
342,342,Jayden Laverde,KEYD,1,1,40,0,8,94,2021,Round 1
343,342,Jack Silvagni,FWD,0,0,40,0,1,40,2021,Round 1
344,345,Blake Acres,MID,0,2,39,0,1,81,2021,Round 1
345,345,David Astbury,KEYD,2,1,39,0,4,88,2021,Round 1
346,345,Charlie Cameron,FWD,2,0,39,0,1,77,2021,Round 1
347,345,Jack Payne,KEYD,0,0,39,0,7,93,2021,Round 1
348,345,Callum Wilkie,KEYD,2,1,39,0,2,92,2021,Round 1
349,350,Levi Casboult,KEYF,1,2,38,0,1,85,2021,Round 1
350,350,Harry Cunningham,DEF,1,2,38,0,3,89,2021,Round 1
351,350,Jayden Hunt,DEF,0,2,38,0,1,88,2021,Round 1
352,350,Connor Idun,DEF,0,0,38,0,7,78,2021,Round 1
353,350,Sam Taylor,KEYD,0,0,38,0,13,95,2021,Round 1
354,350,Tom Williamson,DEF,0,1,38,0,1,81,2021,Round 1
355,356,Will Hamill,DEF,0,0,37,0,0,80,2021,Round 1
356,356,Izak Rankine,FWD,0,1,37,1,1,80,2021,Round 1
357,358,Callum Ah Chee,DEF,0,2,36,0,2,87,2021,Round 1
358,358,Phil Davis,KEYD,0,1,36,0,5,89,2021,Round 1
359,358,Shane McAdam,FWD,0,1,36,0,0,70,2021,Round 1
360,361,Jordon Butts,KEYD,1,0,35,0,8,93,2021,Round 1
361,361,Dylan Grimes,KEYD,0,1,35,0,2,92,2021,Round 1
362,361,Liam Henry,FWD,2,0,35,0,0,75,2021,Round 1
363,361,Josh Jenkins,KEYF,1,2,35,0,0,72,2021,Round 1
364,361,Ryan Lester,DEF,2,1,35,0,5,76,2021,Round 1
365,361,Brayden Sier,MID,0,0,35,0,0,60,2021,Round 1
366,361,Nick Vlastuin,DEF,0,1,35,0,2,56,2021,Round 1
367,368,Ned Cahill,DEF,0,1,34,0,1,75,2021,Round 1
368,368,Hayden McLean,KEYF,1,1,34,0,2,92,2021,Round 1
369,370,Kane Farrell,FWD,0,1,33,0,0,77,2021,Round 1
370,370,Curtis Taylor,FWD,2,0,33,0,1,70,2021,Round 1
371,372,Joel Hamling,KEYD,3,0,32,0,7,77,2021,Round 1
372,372,Kyle Hartigan,KEYD,0,1,32,0,10,97,2021,Round 1
373,372,Shaun McKernan,RUC,1,5,32,0,8,72,2021,Round 1
374,375,Jed Bews,DEF,1,2,31,0,1,85,2021,Round 1
375,375,Stefan Giro,MID,0,0,31,0,0,53,2021,Round 1
376,375,Liam Jones,KEYD,2,2,31,0,7,98,2021,Round 1
377,375,Gary Rohan,FWD,0,2,31,0,0,80,2021,Round 1
378,375,Brandon Starcevich,DEF,1,0,31,1,1,84,2021,Round 1
379,375,Tobe Watson,DEF,0,2,31,0,3,89,2021,Round 1
380,381,Mitchell Hinge,DEF,1,0,30,0,1,44,2021,Round 1
381,382,Tanner Bruhn,FWD,1,0,29,0,1,75,2021,Round 1
382,382,Sam Day,KEYF,0,2,29,0,3,86,2021,Round 1
383,382,Eric Hipwood,KEYF,0,4,29,0,3,92,2021,Round 1
384,385,Nathan Broad,DEF,0,1,28,0,6,70,2021,Round 1
385,385,Jack Petruccelle,FWD,0,0,28,0,0,80,2021,Round 1
386,387,Nik Cox,MID,0,3,27,0,2,76,2021,Round 1
387,387,Lloyd Meek,RUC,1,1,27,0,3,93,2021,Round 1
388,387,Tom Rockliff,MID,1,0,27,0,1,36,2021,Round 1
389,390,Lachlan McNeil,FWD,0,2,26,0,1,74,2021,Round 1
390,391,Liam Baker,DEF,0,3,25,1,3,78,2021,Round 1
391,391,Charlie Constable,MID,0,0,25,0,0,13,2021,Round 1
392,393,Nick Larkey,KEYF,0,0,24,0,3,75,2021,Round 1
393,393,Sam J. Reid,DEF,0,0,24,0,1,85,2021,Round 1
394,393,Nathan Vardy,RUC,0,0,24,0,2,52,2021,Round 1
395,396,Luke Brown,DEF,1,0,21,0,0,23,2021,Round 1
396,396,Tom Fullarton,RUC,0,1,21,0,0,74,2021,Round 1
397,398,Josh Daicos,MID,1,3,19,0,1,78,2021,Round 1
398,399,Jake Kelly,DEF,0,0,18,0,0,37,2021,Round 1
399,400,Matt Rowell,MID,1,0,16,0,0,15,2021,Round 1
400,400,Trey Ruscoe,DEF,0,2,16,0,0,74,2021,Round 1
401,402,Oliver Henry,FWD,0,0,15,0,0,64,2021,Round 1
402,403,Charlie Lazzaro,FWD,0,0,10,2,0,20,2021,Round 1
403,404,Alex Pearce,KEYD,1,0,7,0,1,26,2021,Round 1
404,405,Callum L. Brown,FWD,0,0,0,0,0,0,2021,Round 1
405,405,Kade Chandler,FWD,0,0,0,0,0,0,2021,Round 1
406,405,Tom Cutler,DEF,0,0,0,0,0,0,2021,Round 1
407,405,Connor Downie,MID,0,0,0,0,0,0,2021,Round 1
408,405,Will Hayward,FWD,0,0,0,0,0,0,2021,Round 1
409,405,Jamaine Jones,FWD,0,0,0,0,0,0,2021,Round 1
410,405,Rhys Mathieson,MID,0,0,0,0,0,0,2021,Round 1
411,405,Xavier O'Halloran,MID,0,0,0,0,0,0,2021,Round 1
412,405,Rhylee West,FWD,0,0,0,0,0,0,2021,Round 1
413,405,Mason Wood,FWD,0,0,0,0,0,0,2021,Round 1
